450539646;Amul_Coop;https://www.amul.com;popper.js@1.16.
199299110;TestKitchen;https://www.americastestkitchen.com;domain.management@americastestkitchen.com
127517929;avtestorg;https://www.av-test.org;av-test@isurfer.de
4833924899;AceThatTest;https://www.learningscientists.org;emaillearnsci@gmail.com.
475138726;drlukeevans;https://www.drlukeevans.org.uk;luke.evans.mp@parliament.uk
1012719135896358912;theriztest;https://www.riztest.com;hello@riztest.com
19633047;testcountry;https://testcountry.com;info@testcountry.com
1023835173513781248;IntTestAgency;https://ita.sport;info@ita.sport
14249894;html5test;https://html5test.com;info@html5test.com
21154072;michaelzachrau;https://michael-zachrau.de;mz@michael-zachrau.de
969275161;developerjack;https://jackskinner.com.au;alpine@v2.x.x
969275161;developerjack;https://jackskinner.com.au;you@yourcompany.com
969275161;developerjack;https://jackskinner.com.au;gday@jackskinner.com.au
118655105;TestValleyBC;https://www.testvalley.gov.uk;info@testvalley.gov.uk
118655105;TestValleyBC;https://www.testvalley.gov.uk; info@testvalley.gov.uk
1149282956;thetestpit;https://www.thetestpit.com;info@thetestpit.com
58053067;Test_Bloke;https://www.socialoomph.com;?subject=socialoomph+-+the+best+social+media+and+blog+post+scheduling+service&body=https%3a%2f%2fwww.socialoomph.com%2f
197554213;methodtestprep;https://www.methodtestprep.com;vue@2.6.
197554213;methodtestprep;https://www.methodtestprep.com;popper.js@1.16.
197554213;methodtestprep;https://www.methodtestprep.com;raldrich@vms.edu
1176262174068502529;AFTestCenter;https://www.aftc.af.mil;pubwebhd@defense.gov
850287621381263360;TestBench_CS;https://www.testbench.com;info@testbench.com
1245611405698420738;ronan71974758;https://www.phanxy.com;support@phanxy.com
34969544;CityTestPrep;https://citytestprep.com;slick@1.8.
34969544;CityTestPrep;https://citytestprep.com;learning@citytestprep.com
3194704647;GlyphosateTest;https://detoxproject.org;info@detoxproject.org
1175443069;sensorplustest;https://www.sensor-test.de;info@ama-service.com
1247330413;SND_TST;https://sndtst.com;feedback@sndtst.com
3374648474;testdotai;https://www.test.ai;sales@test.ai
3374648474;testdotai;https://www.test.ai;sales@test.ai?subject=request%20a%20demo%20-%20homepage&body=hi%20there%2c%0a%0ai'm%20interested%20in%20finding%20out%20more%20information%20about%20your%20product%20and%20would%20like%20to%20request%20a%20demo.%0a%0athank%20you.
15228681;QATestBilbao;https://www.qatest.org;info@qatest.org
747400876562743297;TestProject_io;https://testproject.io;aos@3.0.0-beta.
747400876562743297;TestProject_io;https://testproject.io;fancybox@3.5.
3110420314;PoliceTutor;https://www.policetesttutor.com;info@policetesttutor.com
713640377639677952;SEENEOH_Site;https://seeneoh.com;contact@seeneoh.com
584456856;BouleyTK;https://davidbouley.com;connect@bouleynyc.com
584456856;BouleyTK;https://davidbouley.com;connect@bouleyathome.com
1099335684651958275;NAPLEXTestStudy;https://naplexstudyguide.com;support@naplexstudyguide.com
242828495;45thSpaceWing;https://www.patrick.spaceforce.mil;pubwebhd@defense.gov
242828495;45thSpaceWing;https://www.patrick.spaceforce.mil;custrsvc@us.af.mil
242828495;45thSpaceWing;https://www.patrick.spaceforce.mil;4finance@us.af.mil.
242828495;45thSpaceWing;https://www.patrick.spaceforce.mil;pbmulti@us.af.mil
40940754;isitdinneryet;https://www.forthrightadvising.com;help@forthrightadvising.com
1254652519340482560;AppTestBSV;https://www.bsvapptesters.com;hello@bsvapptesters.com
2302823004;Work2Code;https://work2code.com;st@work2code.com
1076104328077864961;DetectTest;https://www.detectnow.com;contact@detectnow.com
1076104328077864961;DetectTest;https://www.detectnow.com;tkruse@apcoworldwide.com
29518775;PractiTest;https://www.practitest.com;info@practitest.com
1146017085774077952;ptcbtestprep;https://ptcbtestprep.com;support@ptcbtestprep.com
286465470;JustTestStrips;https://www.justdiabeticteststrips.com;customerservice@justdiabeticteststrips.com
40846508;testmeter;https://www.test-meter.co.uk;sales@test-meter.co.uk
909099368724287488;protobetatest;https://protobetatest.com;alex@outlook.it
191347834;QATestLab;https://qatestlab.com;contact.ua@qa-testlab.com
191347834;QATestLab;https://qatestlab.com;jobs@qa-testlab.com
191347834;QATestLab;https://qatestlab.com;webinar@qatestlab.net
394231327;testdouble;https://www.testdouble.com;hello@testdouble.com
17817315;ThePrincetonRev;https://www.princetonreview.com;tprteacherapplicantsupport@review.com
3083611330;NorthernAirTest;https://northernairtesting.co.uk;info@northernairtesting.co.uk
1911663942;UMDUAStest;https://uas-test.umd.edu;sjlloyd@umd.edu
250002282;PWNTestPrep;https://pwntestprep.com;mike@pwntestprep.com
1171357070991347712;FondloveTest;https://fondlove.com;fondloveofficial@gmail.com
829118254874492929;antennatestlab;https://antennatestlab.com;info@antennatestlab.com
1009169652;THEGOATest81;https://dbliveevents.com;eben@eyebytes.com
3265445598;TestOutCE;https://testoutce.com;itpro@testout.com
891682207491911680;CllrJohnnyDenis;https://about.me;4e376b84dfa54d438285936f87ce3cfe@o477720.ingest.sentry.io
1138412446916497409;ClitTest;https://www.theclittest.com;theclittest@gmail.com
1277547385351110658;LeagueEyeTest;https://rugbyleagueeyetest.wordpress.com;leagueeyetest@gmail.com
851737523328045057;testcard;https://www.testcard.com;scan-lifestyle-shot@4x.webp
851737523328045057;testcard;https://www.testcard.com;scan-lifestyle-shot@3x.webp
851737523328045057;testcard;https://www.testcard.com;scan-lifestyle-shot@2x.webp
851737523328045057;testcard;https://www.testcard.com;scan-lifestyle-shot@1x.webp
14342661;CARandDRIVER;https://www.caranddriver.com;2db1fe908c734593b15029361071c2a4@sentry.io
14342661;CARandDRIVER;https://www.caranddriver.com;mp-fre-hdm-prod@8.527.
23420240;aqua_testing;https://aqua-cloud.io;marketing@aqua-cloud.io
23420240;aqua_testing;https://aqua-cloud.io;daniela@aqua-cloud.io
23420240;aqua_testing;https://aqua-cloud.io;martin@aqua-cloud.io
23420240;aqua_testing;https://aqua-cloud.io;welcome@aqua-cloud.io
93015599;adrianadastra;https://about.me;4e376b84dfa54d438285936f87ce3cfe@o477720.ingest.sentry.io
2520793572;testlauncher;https://campaign.testlauncher.com;getprice@testlauncher.com
1329751411446476801;ExpressTestUK;https://www.expresstest.co.uk;expresstest@hellolaunch.co.uk
766903106831384576;testpatternshow;https://www.testpatternshow.com;jacobandtab@testpatternshow.com
709838144737288193;TestSphere;https://store.ministryoftesting.com;store@ministryoftesting.com
47560826;TomNugent;https://powerlighttech.com;info@powerlighttech.com
152769691;TheTestLynx;https://thetestlynx.wordpress.com;thetestlynx@gmail.com
3167762714;spyjinx;https://www.epicgames.com;7662faec01ce4f4b9f13b275a938fdfc@sentry.io
301616459;SafeFoodTest;https://safefoodtest.com;info@safefoodtest.com
74707462;testistanbul;https://testistanbul.org;info@testistanbul.org
1904409270;LTILanguageTest;https://www.languagetesting.com;customercare@languagetesting.com
93219986;ferrifrump;https://www.gobeyond.org.uk;info@gobeyond.org.uk
827661113156390912;elastestio;https://elastest.io;slick@1.8.
827661113156390912;elastestio;https://elastest.io;info@elastest.io
25805188;hayesda;https://www.vrco.co.uk;aos@2.3.
62480668;CentralTest;https://www.centraltest.com;customer@centraltest.com
559731009;testmyhouse;https://testmyhouse.co.uk;astigma@astigmatic.com
559731009;testmyhouse;https://testmyhouse.co.uk;matt@pixelspread.com
559731009;testmyhouse;https://testmyhouse.co.uk;impallari@gmail.com
559731009;testmyhouse;https://testmyhouse.co.uk;hello@rfuenzalida.com
559731009;testmyhouse;https://testmyhouse.co.uk;filler@godaddy.com
16286419;MForstater;https://a-question-of-consent.net;elizabeth.truss.mp@parliament.uk
21651332;cpkimball;https://www.177milkstreet.com;promise-polyfill@8.1.
21651332;cpkimball;https://www.177milkstreet.com;info@177milkstreet.com
264884207;MFranchitti;https://marinofranchitti.com;contactmarino@icloud.com
1336074941758726145;TestandTraceCa;https://rapidtestandtrace.ca;adam@turkeyburg.ca
1336074941758726145;TestandTraceCa;https://rapidtestandtrace.ca;info@rapidtestandtrace.ca
3219982586;thetestdoc;https://www.thetestdoc.org;info@thetestdoc.org
43856588;but_a_test;https://about.me;4e376b84dfa54d438285936f87ce3cfe@o477720.ingest.sentry.io
844165729;MDC_Drug_Test;https://www.medicaldisposables.us;sales@medicaldisposables.us
92306628;NickAstronomer;https://www.bmt.org;enquiries@bmtglobal.com
92306628;NickAstronomer;https://www.bmt.org; enquiries@bmtglobal.com
938399650947715072;iShaheenAfridi;https://www.espncricinfo.com;yourshots@cricinfo.com
1139479116611235840;AutoTestExpo;https://www.testing-expo.com;txeu@2x.gif
2494262126;t_v_creative;https://www.testvalley.gov.uk;info@testvalley.gov.uk
2494262126;t_v_creative;https://www.testvalley.gov.uk; info@testvalley.gov.uk
1979214516;Barnes_Test;https://www.barnestest.com;marketing@barnestest.com
19058595;juliaotest;https://www.juliaotest.com;hello@juliaotest.com
19058595;juliaotest;https://www.juliaotest.com;julia@juliaotest.com
1055432538750140417;WaterNetwork_EU;https://www.nweurope.eu;nwe@nweurope.eu
3986198621;tdda0;https://www.tdda.info;git@github.com
2954711;drjackUK;https://cov-clear.com;data@cov-clear.com
2954711;drjackUK;https://cov-clear.com;info@cov-clear.com
2954711;drjackUK;https://cov-clear.com;popper.js@1.16.
819581701320011776;uei_test;https://www.ueitest.com;info@ueitest.com
819581701320011776;uei_test;https://www.ueitest.com;info@ueitest.com?subject=request&body=send this email request to receive a reply or call 1-800-547-5740
269576133;Area51TestPilot;https://www.agentreputation.net;sales@agentreputation.net
503570308;SmartDriveTest;https://about.me;4e376b84dfa54d438285936f87ce3cfe@o477720.ingest.sentry.io
1176506887;acttestpanels;https://acttestpanels.com;mllegeorgesand@gmail.com
378812867;CornellDSDS;https://stat.cornell.edu;web-accessibility@cornell.edu
111544509;RTL_DSDS;https://www.rtl.de;-
197519673;dalswing;https://www.dalswing.ca;patfulg@gmail.com
197519673;dalswing;https://www.dalswing.ca;dalswing@gmail.com
378812867;CornellDSDS;https://stat.cornell.edu;web-accessibility@cornell.edu
111544509;RTL_DSDS;https://www.rtl.de;-
102335697;dsds_finale;https://www.dsds-finale.de;-
4614110255;dsds_fanpage;https://www.rtl.de;-
197519673;dalswing;https://www.dalswing.ca;patfulg@gmail.com
197519673;dalswing;https://www.dalswing.ca;dalswing@gmail.com
6503412;sdw;https://www.instagram.com;-
740317843;DSDS_TERI;https://dsds.teriin.org;-
102335697;dsds_finale;https://www.dsds-finale.de;-
123345400;DSDS2010_NEWS;https://dsdsblog.blogspot.com;-
4614110255;dsds_fanpage;https://www.rtl.de;-
1195280708941438976;dashi_dsds;https://www.pixiv.net;-
716787103;SDWVnews;https://www.justice.gov;-
740317843;DSDS_TERI;https://dsds.teriin.org;-
1963515756;Collectif76sdss;https://salariesdusocial.over-blog.com;-
1289248771709140993;ShadowInvesting;https://linktr.ee;-
123345400;DSDS2010_NEWS;https://dsdsblog.blogspot.com;-
156720027;sdw14;https://viewfromtheback.com;-
1195280708941438976;dashi_dsds;https://www.pixiv.net;-
489406449;DSDSLuca;https://www.youtube.com;-
763950158;OfficialSDW;https://www.steeldomainwrestling.com;-
1963515756;Collectif76sdss;https://salariesdusocial.over-blog.com;-
464914819;dsds1990;https://hearinghealthcenter.com;webmail@hhcil.com
489406449;DSDSLuca;https://www.youtube.com;-
58475092;sdwrec;https://sdwrec.co.uk;info@sdwrecruitment.co.uk
521476105;LucaDSDS2012;https://www.lucamusic.ch;info@lucamusic.ch
479793248;Sdwlandscapes;https://www.sdwlandscapes.co.uk;-
16089776;SashaGrey;https://www.youtube.com;-
58475092;sdwrec;https://sdwrec.co.uk;info@sdwrecruitment.co.uk
47858885;USSBowfin;https://www.bowfin.org;info@bowfin.org
26914021;asadshan;https://www.asadshan.com;-
452830010;Asad_Umar;https://asadumar.pk;-
90409332;SD_SD;https://www.sdsd.com;sales@sdsd.com
1252926777166401536;sdsd0266;https://peing.net;-
1280717983959015424;sdsd_love1;https://toyou-love.postype.com;-
4718858316;junior_sdsd501;https://www.instagram.com;-
2526432272;a824sdsd;https://www.instagram.com;-
2259128064;iamnothingatell;https://iameternallife.wixsite.com;-
1125876480943230977;Meno_Alegria7;https://www.youtube.com;-
1192063308326588416;sdsd1311;https://line.me;-
234202547;victoria_sdsd;https://www.viagens.com.br;-
1206847877181366272;ProductionSdsd;https://www.youtube.com;-
1104318520169357312;pink_sdsd;https://twitter.com;-
1235986491861430273;SDSD_Trpg;https://sd-trpg.postype.com;-
90409332;SD_SD;https://www.sdsd.com;sales@sdsd.com
1252926777166401536;sdsd0266;https://peing.net;-
1280717983959015424;sdsd_love1;https://toyou-love.postype.com;-
90409332;SD_SD;https://www.sdsd.com;sales@sdsd.com
1252926777166401536;sdsd0266;https://peing.net;-
1280717983959015424;sdsd_love1;https://toyou-love.postype.com;-
4718858316;junior_sdsd501;https://www.instagram.com;-
2526432272;a824sdsd;https://www.instagram.com;-
2259128064;iamnothingatell;https://iameternallife.wixsite.com;-
1125876480943230977;Meno_Alegria7;https://www.youtube.com;-
1192063308326588416;sdsd1311;https://line.me;-
234202547;victoria_sdsd;https://www.viagens.com.br;-
2459392081;KST_DWSD;https://www.kst.org.za;info@kst.org.za
2459392081;KST_DWSD;https://www.kst.org.za;info@kst.org.za
77982775;southwest4;https://pollen.co;consent-manager@4.3.
297106729;SWfirescience;https://www.swfireconsortium.org;swfireconsortium@gmail.com
19353746;SWEtalk;https://swe.org;cameron@webdevstudios.com
19353746;SWEtalk;https://swe.org;hq@swe.org
19353746;SWEtalk;https://swe.org;ombudsman@swe.org
25301238;SwRI;https://www.swri.org;bootstrap@3.3.
133454698;ForestServiceSW;https://www.fs.usda.gov;bootstrap@3.4.
24745863;SWmagazine;https://www.theresident.co.uk;james.parfitt@archant.co.uk
86932341;WTSWW;https://www.welshwildlife.org;islands@welshwildlife.org
727494797490049024;Stuart4WolvesSW;https://www.stuartanderson.org.uk;stuart.anderson.mp@parliament.uk
49164802;sw1a0aa;https://talkradio.co.uk;talkradio.co.uk
299881066;AguaBenditaSW;https://www.aguabendita.com;vtex.render-server@8.152.
299881066;AguaBenditaSW;https://www.aguabendita.com;aguabenditainternacional.aguabendita-theme@3.2.
299881066;AguaBenditaSW;https://www.aguabendita.com;animate.css@3.7.
299881066;AguaBenditaSW;https://www.aguabendita.com;vtex.render-runtime@8.126.
299881066;AguaBenditaSW;https://www.aguabendita.com;vtex.styleguide@9.134.
299881066;AguaBenditaSW;https://www.aguabendita.com;vtex.minicart@2.55.
299881066;AguaBenditaSW;https://www.aguabendita.com;aguabendita.header@2.0.
299881066;AguaBenditaSW;https://www.aguabendita.com;aguabendita.footer@1.2.
299881066;AguaBenditaSW;https://www.aguabendita.com;vtex.slider@0.8.
299881066;AguaBenditaSW;https://www.aguabendita.com;vtex.store-components@3.138.
299881066;AguaBenditaSW;https://www.aguabendita.com;aguabendita.aguabendita-home-slider@3.0.
299881066;AguaBenditaSW;https://www.aguabendita.com;aguabendita.aguabendita-home-banner@2.9.
299881066;AguaBenditaSW;https://www.aguabendita.com;aguabendita.aguabendita-home-banners-hover@2.9.
299881066;AguaBenditaSW;https://www.aguabendita.com;aguabendita.aguabendita-home-banners@1.0.
299881066;AguaBenditaSW;https://www.aguabendita.com;aguabendita.aguabendita-home-slider-banners@2.10.
299881066;AguaBenditaSW;https://www.aguabendita.com;aguabendita.aguabendita-home-banners-grid@1.1.
299881066;AguaBenditaSW;https://www.aguabendita.com;aguabendita.aguabendita-home-banner-description@1.0.
299881066;AguaBenditaSW;https://www.aguabendita.com;aguabendita.aguabendita-home-minibanners@1.0.
299881066;AguaBenditaSW;https://www.aguabendita.com;aguabendita.aguabendita-home-models-carousel@2.9.
299881066;AguaBenditaSW;https://www.aguabendita.com;aguabendita.aguabendita-home-collection@1.0.
299881066;AguaBenditaSW;https://www.aguabendita.com;aguabendita.aguabendita-home-accesories@1.1.
299881066;AguaBenditaSW;https://www.aguabendita.com;aguabendita.aguabendita-home-superimposed-banners@1.0.
299881066;AguaBenditaSW;https://www.aguabendita.com;aguabendita.aguabendita-home-hashtags2@1.0.
299881066;AguaBenditaSW;https://www.aguabendita.com;aguabendita.aguabendita-home-reinsurance@1.0.
299881066;AguaBenditaSW;https://www.aguabendita.com;aguabendita.aguabendita-popup-newsletter@1.1.
299881066;AguaBenditaSW;https://www.aguabendita.com;aguabendita.aguabendita-app-text@0.0.
299881066;AguaBenditaSW;https://www.aguabendita.com;aguabendita.aguabendita-login@2.14.
299881066;AguaBenditaSW;https://www.aguabendita.com;aguabendita.aguabendita-topbar@1.1.
299881066;AguaBenditaSW;https://www.aguabendita.com;aguabendita.aguabendita-minicart-product-summary@1.0.
299881066;AguaBenditaSW;https://www.aguabendita.com;aguabendita.aguabendita-minicart@1.0.
299881066;AguaBenditaSW;https://www.aguabendita.com;aguabendita.aguabendita-mega-menu@1.4.
299881066;AguaBenditaSW;https://www.aguabendita.com;vtex.admin-pages@4.30.
299881066;AguaBenditaSW;https://www.aguabendita.com;aguabendita.aguabendita-block-newsletter@1.4.
299881066;AguaBenditaSW;https://www.aguabendita.com;aguabendita.aguabendita-cookies-politics@1.0.
299881066;AguaBenditaSW;https://www.aguabendita.com;vtex.product-list@0.27.
213281046;VisualArtsSW;https://www.vasw.org.uk;william@intercitystudio.com
19017235;123reg;https://www.123-reg.co.uk;bootstrap@4.3.
116392212;bhagyashree123;https://www.bhagyashreeonline.com;contact@bhagyashreeonline.com
30257977;jappleby123;https://www.nuffieldtrust.org.uk;info@nuffieldtrust.org.uk
30257977;jappleby123;https://www.nuffieldtrust.org.uk;?subject=what%20should%20we%20expect%20for%20medical%20supplies%20in%202021%3f&body=https%3a%2f%2fwww.nuffieldtrust.org.uk%2fnews-item%2fwhat-should-we-expect-for-medical-supplies-in-2021
30257977;jappleby123;https://www.nuffieldtrust.org.uk;?subject=brexit%20deal%20reduces%20uncertainty%20for%20health%20and%20care%20but%20major%20difficulties%20remain&body=https%3a%2f%2fwww.nuffieldtrust.org.uk%2fnews-item%2fbrexit-deal-reduces-uncertainty-for-health-and-care-but-major-difficulties-remain
30257977;jappleby123;https://www.nuffieldtrust.org.uk;?subject=chart%20of%20the%20week%3a%20from%20%3ci%3ehorribilis%3c%2fi%3e%20in%202020%20to%20%3ci%3emirabilis%3c%2fi%3e%20in%202021%3f&body=https%3a%2f%2fwww.nuffieldtrust.org.uk%2fresource%2fchart-of-the-week-from-i-horribilis-i-in-2020-to-i-mirabilis-i-in-2021
30257977;jappleby123;https://www.nuffieldtrust.org.uk;?subject=the%20remote%20care%20revolution%20during%20covid-19&body=https%3a%2f%2fwww.nuffieldtrust.org.uk%2fresource%2fthe-remote-care-revolution-during-covid-19
30257977;jappleby123;https://www.nuffieldtrust.org.uk;?subject=brexit%20and%20the%20coronavirus%20vaccine&body=https%3a%2f%2fwww.nuffieldtrust.org.uk%2fnews-item%2fbrexit-and-the-coronavirus-vaccine
30257977;jappleby123;https://www.nuffieldtrust.org.uk;?subject=chart%20of%20the%20week%3a%20covid-19%20continues%20to%20disproportionately%20affect%20the%20health%20and%20wellbeing%20of%20disabled%20people&body=https%3a%2f%2fwww.nuffieldtrust.org.uk%2fresource%2fchart-of-the-week-covid-19-continues-to-disproportionally-affect-health-and-wellbeing-of-disabled-people
30257977;jappleby123;https://www.nuffieldtrust.org.uk;?subject=safe%20delivery%3f%20the%20main%20challenges%20for%20the%20nhs%20in%20delivering%20the%20covid-19%20vaccine&body=https%3a%2f%2fwww.nuffieldtrust.org.uk%2fnews-item%2fsafe-delivery-the-main-challenges-for-the-nhs-in-delivering-the-covid-19-vaccine
30257977;jappleby123;https://www.nuffieldtrust.org.uk;?subject=how%20many%20cases%20of%20covid-19%20are%20there%3f%20a%20q%26a&body=https%3a%2f%2fwww.nuffieldtrust.org.uk%2fnews-item%2fhow-many-cases-of-covid-19-are-there-a-q-a
30257977;jappleby123;https://www.nuffieldtrust.org.uk;?subject=measuring%20mortality%20during%20covid-19%3a%20a%20q%26a&body=https%3a%2f%2fwww.nuffieldtrust.org.uk%2fnews-item%2fmeasuring-mortality-during-covid-19-a-q-a
30257977;jappleby123;https://www.nuffieldtrust.org.uk;?subject=understanding%20the%20impact%20of%20brexit%20on%20health%20in%20the%20uk&body=https%3a%2f%2fwww.nuffieldtrust.org.uk%2fresearch%2funderstanding-the-impact-of-brexit-on-health-in-the-uk
30257977;jappleby123;https://www.nuffieldtrust.org.uk;?subject=how%20will%20brexit%20affect%20the%20supply%20of%20drugs%20to%20uk%20patients%3f%20a%20q%26a&body=https%3a%2f%2fwww.nuffieldtrust.org.uk%2fnews-item%2fhow-will-brexit-affect-the-supply-of-drugs-to-uk-patients
30257977;jappleby123;https://www.nuffieldtrust.org.uk;?subject=how%20will%20brexit%20affect%20the%20uk%e2%80%99s%20response%20to%20coronavirus%3f&body=https%3a%2f%2fwww.nuffieldtrust.org.uk%2fresearch%2fhow-will-brexit-affect-the-uk-s-response-to-coronavirus
30257977;jappleby123;https://www.nuffieldtrust.org.uk;?subject=brexit%20and%20coronavirus%3a%20how%20can%20the%20nhs%20avoid%20a%20fight%20on%20two%20fronts%3f&body=https%3a%2f%2fwww.nuffieldtrust.org.uk%2fnews-item%2fbrexit-and-coronavirus-how-can-the-nhs-avoid-a-fight-on-two-fronts
30257977;jappleby123;https://www.nuffieldtrust.org.uk;?subject=rural%2c%20remote%20and%20at%20risk%3a%20why%20rural%20health%20services%20face%20a%20steep%20climb%20to%20recovery%20from%20covid-19&body=https%3a%2f%2fwww.nuffieldtrust.org.uk%2fresearch%2frural-remote-and-at-risk
30257977;jappleby123;https://www.nuffieldtrust.org.uk;?subject=friday%20faqs%3a%20malcolm%20alexander&body=https%3a%2f%2fwww.nuffieldtrust.org.uk%2fnews-item%2ffriday-faqs-malcolm-alexander
30257977;jappleby123;https://www.nuffieldtrust.org.uk;?subject=nuffield%20trust%3a%20pandemic%20will%20leave%20rural%20health%20services%20facing%20a%20steeper%20climb%20to%20recovery%20without%20targeted%20support&body=https%3a%2f%2fwww.nuffieldtrust.org.uk%2fnews-item%2fnuffield-trust-pandemic-will-leave-rural-health-services-facing-a-steeper-climb-to-recovery-without-targeted-support
30257977;jappleby123;https://www.nuffieldtrust.org.uk;?subject=rethinking%20acute%20medical%20care%20in%20smaller%20hospitals&body=https%3a%2f%2fwww.nuffieldtrust.org.uk%2fresearch%2frethinking-acute-medical-care-in-smaller-hospitals
30257977;jappleby123;https://www.nuffieldtrust.org.uk;?subject=smaller%20hospitals%3a%20deserving%20of%20support%20at%20every%20level&body=https%3a%2f%2fwww.nuffieldtrust.org.uk%2fnews-item%2fsmaller-hospitals-deserving-of-support-at-every-level
30257977;jappleby123;https://www.nuffieldtrust.org.uk;?subject=rural%20health%20care%3a%20a%20rapid%20review%20of%20the%20impact%20of%20rurality%20on%20the%20costs%20of%20delivering%20health%20care&body=https%3a%2f%2fwww.nuffieldtrust.org.uk%2fresearch%2frural-health-care
30257977;jappleby123;https://www.nuffieldtrust.org.uk;?subject=maternity%20services%20in%20smaller%20hospitals%3a%20a%20call%20to%20action&body=https%3a%2f%2fwww.nuffieldtrust.org.uk%2fresearch%2fmaternity-services-in-smaller-hospitals-a-call-to-action
19936208;Permaculture123;https://www.thepermaculturestudent.com;matt@thepermaculturestudent.com
18080108;tan123;https://tomnelson.blogspot.com;mem6u@multiproxy.evsc.virginia.edu
18080108;tan123;https://tomnelson.blogspot.com;rbradley@geo.umass.edu
18080108;tan123;https://tomnelson.blogspot.com;k.briffa@uea.ac.uk
18080108;tan123;https://tomnelson.blogspot.com;t.osborn@uea.ac.uk
18080108;tan123;https://tomnelson.blogspot.com;jto@u.arizona.edu
18080108;tan123;https://tomnelson.blogspot.com;p.jones@uea.ac.uk
18080108;tan123;https://tomnelson.blogspot.com;rkerr@aaas.org
18080108;tan123;https://tomnelson.blogspot.com;menserin@aaas.org
18080108;tan123;https://tomnelson.blogspot.com;mann@virginia.edu
496166820;gsep123;https://www.carclinicbyfleet.com;carclinicbyfleet@gmail.com
96750689;gfc123;https://globalforestcoalition.org;gfc@globalforestcoalition.org
16135990;anniebaxter123;https://www.fieldworktalk.org;123@abc.com
16135990;anniebaxter123;https://www.fieldworktalk.org;talk@fieldworktalk.org
149146656;123Remodeling;https://123remodeling.com;sales@123remodeling.com
58313600;wingnuts123;https://www.craigwing.com;craig@craigwing.com
587370519;GethinJones123;https://www.britanniasporting.com;gethin@britanniasporting.com
38014713;scottishemma123;https://makingmediasimple.com;hello@makingmediasimple.com
234545289;MClub123;https://www.millionairesclub123.com;assistant@millionairesclub123.com
2422213729;JCappy123;https://www.fhhighroad.com;careers@fhhighroad.com
3046932255;EAMENA123;https://www.eamena.org;eamena@arch.ox.ac.uk
2730927905;BruceMacK123;https://www.unitedagents.co.uk;info@unitedagents.co.uk
302876821;Claire_R123;https://claireyr123.wordpress.com;chatterpack.info@gmail.com
302876821;Claire_R123;https://claireyr123.wordpress.com;lasend.support@ofsted.gov.uk
452957524;StuartAllan123;https://stuartallan123.com;fofj2019@cardiff.ac.uk
452957524;StuartAllan123;https://stuartallan123.com;phdschool@hum.ku.dk
452957524;StuartAllan123;https://stuartallan123.com;anne.gjelsvik@ntnu.no
452957524;StuartAllan123;https://stuartallan123.com;metmort@hum.ku.dk
452957524;StuartAllan123;https://stuartallan123.com;fofj2017@cardiff.ac.uk
363245814;donnafallon123;https://donnafallon.co.uk;contact@sansoxygen.com
955896952972967936;sonjabennett123;https://www.sonjabennett.ca;dylancollingwood@gmail.com
59429429;meg123nandu;https://acuriousarmywife.com;a.nandedkar@gmail.com
1420315884;BolivarD123;https://www.andrewdixon.org;andrew@andrewdixon.org
196204037;A123LAD;https://a123lad.wordpress.com;nimages@wellcome.ac.uk
196204037;A123LAD;https://a123lad.wordpress.com;images@wellcome.ac.uk
154327571;JeremyHunter123;https://jeremyhunter.net;info@jeremyhunter.net
2233884849;liamobs123;https://newbery.co.uk;customerservice@newbery.co.uk
15400553;laurakim123;https://harassedmom.co.za;laurakim@harassedmom.co.za
2797533390;sape_123;https://nhrf.no;info@nhrf.no
6713872;perches123;https://vinhosdecorte.com.br;daniel@vinhosdecorte.com.br
80907813;Fishrock123;https://www.jeremiah-senkpiel.com;jeremiah.senkpiel@gmail.com
224657803;HighwaysSEAST;https://highwaysengland.co.uk;info@highwaysengland.co.uk
19292008;jburton123;https://www.understandingsociety.ac.uk;info@understandingsociety.ac.uk
19017235;123reg;https://www.123-reg.co.uk;bootstrap@4.3.
19017235;123reg;https://www.123-reg.co.uk;bootstrap@4.3.
19017235;123reg;https://www.123-reg.co.uk;bootstrap@4.3.
450539646;Amul_Coop;https://www.amul.com;popper.js@1.16.
199299110;TestKitchen;https://www.americastestkitchen.com;domain.management@americastestkitchen.com
127517929;avtestorg;https://www.av-test.org;av-test@isurfer.de
1877831;nytimesworld;https://www.nytimes.com;.timestags@filterempty.
1877831;nytimesworld;https://www.nytimes.com;vmlkzw86bnl0oi8vdmlkzw8vyja0owu4otktnjuxos01ytdjlwi1otaty2fimznimze0mdyx.timestags@filterempty.
1877831;nytimesworld;https://www.nytimes.com;.edges@filterempty.
4833924899;AceThatTest;https://www.learningscientists.org;emaillearnsci@gmail.com.
475138726;drlukeevans;https://www.drlukeevans.org.uk;luke.evans.mp@parliament.uk
807095;nytimes;https://www.nytimes.com;.timestags@filterempty.
807095;nytimes;https://www.nytimes.com;vmlkzw86bnl0oi8vdmlkzw8vyja0owu4otktnjuxos01ytdjlwi1otaty2fimznimze0mdyx.timestags@filterempty.
807095;nytimes;https://www.nytimes.com;.edges@filterempty.
45564482;NYMag;https://nymag.com;b9182fe15766496ea7d9d6dbe35a0b2f@o4682.ingest.sentry.io
1012719135896358912;theriztest;https://www.riztest.com;hello@riztest.com
19633047;testcountry;https://testcountry.com;info@testcountry.com
1023835173513781248;IntTestAgency;https://ita.sport;info@ita.sport
